sector,camera,ccd,target_ra,target_dec,target_name,enabled
20,3,3,210.219333,81.846589,2020ut,false
23,1,3,185.015708,5.343289,2020ftl,true
44,2,1,85.1666674,16.4600941,2021aesq,true
45,1,4,85.1666674,16.4600941,2021aesq,true
15,1,4,327.658167,36.456989,2019pdx,true
